date,wsp
1/1/2008,10
1/2/2008,14
1/3/2008,15
1/4/2008,7
1/5/2008,8
1/6/2008,9
1/7/2008,10
1/8/2008,13
1/9/2008,16
1/10/2008,16
1/11/2008,15
1/12/2008,19
1/13/2008,12
1/14/2008,11
1/15/2008,11
1/16/2008,13
1/17/2008,20
1/18/2008,24
1/19/2008,12
1/20/2008,22
1/21/2008,21
1/22/2008,20
1/23/2008,13
1/24/2008,16
1/25/2008,13
1/26/2008,30
1/27/2008,17
1/28/2008,15
1/29/2008,20
1/30/2008,20
1/31/2008,18
2/1/2008,15
2/2/2008,15
2/3/2008,12
2/4/2008,10
2/5/2008,10
2/6/2008,15
2/7/2008,12
2/8/2008,18
2/9/2008,14
2/10/2008,15
2/11/2008,15
2/12/2008,15
2/13/2008,15
2/14/2008,18
2/15/2008,13
2/16/2008,15
2/17/2008,21
2/18/2008,22
2/19/2008,19
2/20/2008,15
2/21/2008,17
2/22/2008,15
2/23/2008,13
2/24/2008,16
2/25/2008,18
2/26/2008,14
2/27/2008,20
2/28/2008,11
2/29/2008,9
3/1/2008,8
3/2/2008,17
3/3/2008,16
3/4/2008,13
3/5/2008,12
3/6/2008,4
3/7/2008,7
3/8/2008,23
3/9/2008,19
3/10/2008,12
3/11/2008,14
3/12/2008,20
3/13/2008,25
3/14/2008,17
3/15/2008,17
3/16/2008,16
3/17/2008,15
3/18/2008,13
3/19/2008,13
3/20/2008,10
3/21/2008,6
3/22/2008,15
3/23/2008,15
3/24/2008,5
3/25/2008,6
3/26/2008,5
3/27/2008,5
3/28/2008,15
3/29/2008,11
3/30/2008,18
3/31/2008,10
4/1/2008,14
4/2/2008,12
4/3/2008,0
4/4/2008,12
4/5/2008,13
4/6/2008,11
4/7/2008,13
4/8/2008,16
4/9/2008,13
4/10/2008,23
4/11/2008,15
4/12/2008,12
4/13/2008,17
4/14/2008,16
4/15/2008,7
4/16/2008,6
4/17/2008,8
4/18/2008,13
4/19/2008,9
4/20/2008,15
4/21/2008,6
4/22/2008,15
4/23/2008,12
4/24/2008,10
4/25/2008,11
4/26/2008,11
4/27/2008,10
4/28/2008,0
4/29/2008,8
4/30/2008,0
5/1/2008,15
5/2/2008,10
5/3/2008,14
5/4/2008,8
5/5/2008,5
5/6/2008,10
5/7/2008,8
5/8/2008,16
5/9/2008,6
5/10/2008,18
5/11/2008,13
5/12/2008,15
5/13/2008,12
5/14/2008,17
5/15/2008,7
5/16/2008,14
5/17/2008,13
5/18/2008,8
5/19/2008,8
5/20/2008,8
5/21/2008,18
5/22/2008,12
5/23/2008,11
5/24/2008,18
5/25/2008,20
5/26/2008,19
5/27/2008,22
5/28/2008,15
5/29/2008,10
5/30/2008,13
5/31/2008,10
6/1/2008,15
6/2/2008,16
6/3/2008,10
6/4/2008,13
6/5/2008,12
6/6/2008,18
6/7/2008,20
6/8/2008,20
6/9/2008,7
6/10/2008,9
6/11/2008,14
6/12/2008,15
6/13/2008,16
6/14/2008,12
6/15/2008,13
6/16/2008,16
6/17/2008,12
6/18/2008,11
6/19/2008,20
6/20/2008,23
6/21/2008,16
6/22/2008,10
6/23/2008,11
6/24/2008,8
6/25/2008,13
6/26/2008,12
6/27/2008,15
6/28/2008,18
6/29/2008,7
6/30/2008,8
7/1/2008,15
7/2/2008,12
7/3/2008,18
7/4/2008,10
7/5/2008,17
7/6/2008,15
7/7/2008,14
7/8/2008,14
7/9/2008,18
7/10/2008,23
7/11/2008,12
7/12/2008,12
7/13/2008,13
7/14/2008,13
7/15/2008,11
7/16/2008,20
7/17/2008,6
7/18/2008,0
7/19/2008,7
7/20/2008,8
7/21/2008,17
7/22/2008,10
7/23/2008,15
7/24/2008,14
7/25/2008,0
7/26/2008,14
7/27/2008,14
7/28/2008,9
7/29/2008,8
7/30/2008,11
7/31/2008,10
8/1/2008,16
8/2/2008,13
8/3/2008,10
8/4/2008,12
8/5/2008,9
8/6/2008,12
8/7/2008,9
8/8/2008,16
8/9/2008,9
8/10/2008,8
8/11/2008,11
8/12/2008,6
8/13/2008,12
8/14/2008,15
8/15/2008,11
8/16/2008,10
8/17/2008,8
8/18/2008,12
8/19/2008,8
8/20/2008,12
8/21/2008,0
8/22/2008,0
8/23/2008,14
8/24/2008,12
8/25/2008,6
8/26/2008,12
8/27/2008,6
8/28/2008,6
8/29/2008,0
8/30/2008,15
8/31/2008,15
9/1/2008,6
9/2/2008,0
9/3/2008,11
9/4/2008,8
9/5/2008,15
9/6/2008,8
9/7/2008,16
9/8/2008,8
9/9/2008,11
9/10/2008,6
9/11/2008,11
9/12/2008,15
9/13/2008,5
9/14/2008,5
9/15/2008,16
9/16/2008,6
9/17/2008,14
9/18/2008,5
9/19/2008,16
9/20/2008,7
9/21/2008,10
9/22/2008,12
9/23/2008,13
9/24/2008,15
9/25/2008,0
9/26/2008,6
9/27/2008,14
9/28/2008,15
9/29/2008,5
9/30/2008,5
10/1/2008,12
10/2/2008,14
10/3/2008,8
10/4/2008,0
10/5/2008,6
10/6/2008,11
10/7/2008,11
10/8/2008,9
10/9/2008,0
10/10/2008,6
10/11/2008,8
10/12/2008,8
10/13/2008,9
10/14/2008,0
10/15/2008,10
10/16/2008,6
10/17/2008,11
10/18/2008,5
10/19/2008,11
10/20/2008,11
10/21/2008,10
10/22/2008,0
10/23/2008,5
10/24/2008,14
10/25/2008,16
10/26/2008,18
10/27/2008,16
10/28/2008,15
10/29/2008,19
10/30/2008,15
10/31/2008,15
11/1/2008,14
11/2/2008,24
11/3/2008,16
11/4/2008,13
11/5/2008,16
11/6/2008,12
11/7/2008,5
11/8/2008,12
11/9/2008,7
11/10/2008,10
11/11/2008,14
11/12/2008,10
11/13/2008,21
11/14/2008,13
11/15/2008,11
11/16/2008,10
11/17/2008,13
11/18/2008,9
11/19/2008,5
11/20/2008,13
11/21/2008,10
11/22/2008,11
11/23/2008,12
11/24/2008,7
11/25/2008,5
11/26/2008,6
11/27/2008,13
11/28/2008,8
11/29/2008,8
11/30/2008,11
12/1/2008,10
12/2/2008,0
12/3/2008,6
12/4/2008,15
12/5/2008,10
12/6/2008,13
12/7/2008,10
12/8/2008,13
12/9/2008,9
12/10/2008,6
12/11/2008,0
12/12/2008,11
12/13/2008,9
12/14/2008,13
12/15/2008,10
12/16/2008,11
12/17/2008,7
12/18/2008,12
12/19/2008,15
12/20/2008,15
12/21/2008,15
12/22/2008,19
12/23/2008,19
12/24/2008,18
12/25/2008,14
12/26/2008,11
12/27/2008,19
12/28/2008,17
12/29/2008,10
12/30/2008,11
12/31/2008,18
1/1/2009,10
1/2/2009,15
1/3/2009,16
1/4/2009,14
1/5/2009,8
1/6/2009,10
1/7/2009,12
1/8/2009,11
1/9/2009,11
1/10/2009,5
1/11/2009,10
1/12/2009,5
1/13/2009,11
1/14/2009,11
1/15/2009,12
1/16/2009,10
1/17/2009,7
1/18/2009,5
1/19/2009,10
1/20/2009,5
1/21/2009,11
1/22/2009,16
1/23/2009,18
1/24/2009,12
1/25/2009,0
1/26/2009,5
1/27/2009,5
1/28/2009,5
1/29/2009,10
1/30/2009,13
1/31/2009,10
2/1/2009,10
2/2/2009,10
2/3/2009,8
2/4/2009,11
2/5/2009,10
2/6/2009,12
2/7/2009,0
2/8/2009,5
2/9/2009,8
2/10/2009,15
2/11/2009,14
2/12/2009,9
2/13/2009,7
2/14/2009,13
2/15/2009,10
2/16/2009,9
2/17/2009,13
2/18/2009,12
2/19/2009,14
2/20/2009,18
2/21/2009,12
2/22/2009,11
2/23/2009,6
2/24/2009,12
2/25/2009,12
2/26/2009,15
2/27/2009,20
2/28/2009,15
3/1/2009,11
3/2/2009,17
3/3/2009,12
3/4/2009,16
3/5/2009,9
3/6/2009,0
3/7/2009,8
3/8/2009,10
3/9/2009,15
3/10/2009,15
3/11/2009,15
3/12/2009,17
3/13/2009,20
3/14/2009,20
3/15/2009,15
3/16/2009,15
3/17/2009,12
3/18/2009,10
3/19/2009,12
3/20/2009,9
3/21/2009,18
3/22/2009,12
3/23/2009,9
3/24/2009,18
3/25/2009,15
3/26/2009,15
3/27/2009,15
3/28/2009,18
3/29/2009,15
3/30/2009,13
3/31/2009,9
4/1/2009,8
4/2/2009,5
4/3/2009,16
4/4/2009,13
4/5/2009,15
4/6/2009,11
4/7/2009,16
4/8/2009,18
4/9/2009,8
4/10/2009,21
4/11/2009,14
4/12/2009,20
4/13/2009,13
4/14/2009,19
4/15/2009,12
4/16/2009,13
4/17/2009,10
4/18/2009,21
4/19/2009,10
4/20/2009,10
4/21/2009,7
4/22/2009,18
4/23/2009,16
4/24/2009,15
4/25/2009,6
4/26/2009,7
4/27/2009,11
4/28/2009,13
4/29/2009,19
4/30/2009,16
5/1/2009,15
5/2/2009,13
5/3/2009,6
5/4/2009,14
5/5/2009,10
5/6/2009,21
5/7/2009,5
5/8/2009,13
5/9/2009,8
5/10/2009,6
5/11/2009,6
5/12/2009,6
5/13/2009,13
5/14/2009,10
5/15/2009,10
5/16/2009,10
5/17/2009,12
5/18/2009,13
5/19/2009,15
5/20/2009,12
5/21/2009,11
5/22/2009,15
5/23/2009,15
5/24/2009,16
5/25/2009,12
5/26/2009,5
5/27/2009,10
5/28/2009,17
5/29/2009,10
5/30/2009,6
5/31/2009,14
6/1/2009,12
6/2/2009,15
6/3/2009,17
6/4/2009,20
6/5/2009,8
6/6/2009,11
6/7/2009,11
6/8/2009,14
6/9/2009,12
6/10/2009,10
6/11/2009,10
6/12/2009,15
6/13/2009,9
6/14/2009,20
6/15/2009,7
6/16/2009,16
6/17/2009,18
6/18/2009,16
6/19/2009,28
6/20/2009,10
6/21/2009,11
6/22/2009,21
6/23/2009,12
6/24/2009,10
6/25/2009,10
6/26/2009,11
6/27/2009,8
6/28/2009,16
6/29/2009,12
6/30/2009,20
7/1/2009,16
7/2/2009,11
7/3/2009,13
7/4/2009,5
7/5/2009,14
7/6/2009,21
7/7/2009,10
7/8/2009,15
7/9/2009,10
7/10/2009,18
7/11/2009,15
7/12/2009,10
7/13/2009,10
7/14/2009,15
7/15/2009,9
7/16/2009,20
7/17/2009,11
7/18/2009,14
7/19/2009,18
7/20/2009,12
7/21/2009,11
7/22/2009,16
7/23/2009,14
7/24/2009,17
7/25/2009,14
7/26/2009,8
7/27/2009,8
7/28/2009,9
7/29/2009,9
7/30/2009,10
7/31/2009,10
8/1/2009,15
8/2/2009,10
8/3/2009,7
8/4/2009,8
8/5/2009,30
8/6/2009,10
8/7/2009,12
8/8/2009,16
8/9/2009,15
8/10/2009,16
8/11/2009,13
8/12/2009,10
8/13/2009,6
8/14/2009,10
8/15/2009,11
8/16/2009,7
8/17/2009,5
8/18/2009,8
8/19/2009,5
8/20/2009,7
8/21/2009,5
8/22/2009,9
8/23/2009,14
8/24/2009,17
8/25/2009,0
8/26/2009,12
8/27/2009,15
8/28/2009,9
8/29/2009,10
8/30/2009,10
8/31/2009,10
9/1/2009,12
9/2/2009,0
9/3/2009,6
9/4/2009,11
9/5/2009,0
9/6/2009,10
9/7/2009,13
9/8/2009,10
9/9/2009,10
9/10/2009,8
9/11/2009,10
9/12/2009,16
9/13/2009,10
9/14/2009,11
9/15/2009,11
9/16/2009,10
9/17/2009,9
9/18/2009,10
9/19/2009,5
9/20/2009,9
9/21/2009,9
9/22/2009,6
9/23/2009,5
9/24/2009,9
9/25/2009,13
9/26/2009,10
9/27/2009,13
9/28/2009,5
9/29/2009,14
9/30/2009,11
10/1/2009,5
10/2/2009,10
10/3/2009,8
10/4/2009,13
10/5/2009,16
10/6/2009,15
10/7/2009,11
10/8/2009,13
10/9/2009,10
10/10/2009,14
10/11/2009,14
10/12/2009,9
10/13/2009,8
10/14/2009,8
10/15/2009,8
10/16/2009,10
10/17/2009,12
10/18/2009,10
10/19/2009,15
10/20/2009,13
10/21/2009,5
10/22/2009,5
10/23/2009,7
10/24/2009,16
10/25/2009,15
10/26/2009,10
10/27/2009,10
10/28/2009,15
10/29/2009,12
10/30/2009,9
10/31/2009,15
11/1/2009,13
11/2/2009,12
11/3/2009,11
11/4/2009,10
11/5/2009,10
11/6/2009,5
11/7/2009,5
11/8/2009,6
11/9/2009,9
11/10/2009,10
11/11/2009,6
11/12/2009,8
11/13/2009,9
11/14/2009,9
11/15/2009,20
11/16/2009,20
11/17/2009,8
11/18/2009,15
11/19/2009,11
11/20/2009,16
11/21/2009,15
11/22/2009,11
11/23/2009,15
11/24/2009,8
11/25/2009,15
11/26/2009,12
11/27/2009,16
11/28/2009,14
11/29/2009,14
11/30/2009,17
12/1/2009,14
12/2/2009,12
12/3/2009,14
12/4/2009,10
12/5/2009,16
12/6/2009,12
12/7/2009,12
12/8/2009,12
12/9/2009,15
12/10/2009,10
12/11/2009,10
12/12/2009,10
12/13/2009,10
12/14/2009,12
12/15/2009,10
12/16/2009,8
12/17/2009,10
12/18/2009,9
12/19/2009,18
12/20/2009,10
12/21/2009,10
12/22/2009,14
12/23/2009,17
12/24/2009,9
12/25/2009,14
12/26/2009,10
12/27/2009,11
12/28/2009,6
12/29/2009,10
12/30/2009,15
12/31/2009,15
1/1/2010,14
1/2/2010,14
1/3/2010,8
1/4/2010,14
1/5/2010,11
1/6/2010,10
1/7/2010,10
1/8/2010,9
1/9/2010,7
1/10/2010,10
1/11/2010,11
1/12/2010,13
1/13/2010,14
1/14/2010,12
1/15/2010,9
1/16/2010,7
1/17/2010,21
1/18/2010,20
1/19/2010,20
1/20/2010,18
1/21/2010,14
1/22/2010,8
1/23/2010,9
1/24/2010,8
1/25/2010,7
1/26/2010,8
1/27/2010,7
1/28/2010,7
1/29/2010,5
1/30/2010,10
1/31/2010,9
2/1/2010,14
2/2/2010,12
2/3/2010,10
2/4/2010,12
2/5/2010,14
2/6/2010,16
2/7/2010,13
2/8/2010,10
2/9/2010,8
2/10/2010,5
2/11/2010,10
2/12/2010,6
2/13/2010,10
2/14/2010,8
2/15/2010,5
2/16/2010,5
2/17/2010,7
2/18/2010,14
2/19/2010,10
2/20/2010,14
2/21/2010,7
2/22/2010,6
2/23/2010,16
2/24/2010,11
2/25/2010,6
2/26/2010,15
2/27/2010,13
2/28/2010,14
3/1/2010,15
3/2/2010,14
3/3/2010,18
3/4/2010,15
3/5/2010,17
3/6/2010,14
3/7/2010,16
3/8/2010,6
3/9/2010,5
3/10/2010,15
3/11/2010,7
3/12/2010,10
3/13/2010,13
3/14/2010,23
3/15/2010,18
3/16/2010,16
3/17/2010,16
3/18/2010,19
3/19/2010,18
3/20/2010,22
3/21/2010,20
3/22/2010,16
3/23/2010,14
3/24/2010,17
3/25/2010,15
3/26/2010,16
3/27/2010,25
3/28/2010,13
3/29/2010,18
3/30/2010,12
3/31/2010,19
4/1/2010,20
4/2/2010,18
4/3/2010,14
4/4/2010,10
4/5/2010,15
4/6/2010,10
4/7/2010,18
4/8/2010,13
4/9/2010,18
4/10/2010,11
4/11/2010,6
4/12/2010,0
4/13/2010,11
4/14/2010,15
4/15/2010,15
4/16/2010,16
4/17/2010,16
4/18/2010,10
4/19/2010,15
4/20/2010,15
4/21/2010,20
4/22/2010,15
4/23/2010,16
4/24/2010,11
4/25/2010,11
4/26/2010,10
4/27/2010,21
4/28/2010,17
4/29/2010,18
4/30/2010,10
5/1/2010,6
5/2/2010,7
5/3/2010,5
5/4/2010,15
5/5/2010,14
5/6/2010,16
5/7/2010,14
5/8/2010,12
5/9/2010,15
5/10/2010,15
5/11/2010,11
5/12/2010,17
5/13/2010,16
5/14/2010,15
5/15/2010,20
5/16/2010,10
5/17/2010,19
5/18/2010,15
5/19/2010,16
5/20/2010,17
5/21/2010,10
5/22/2010,14
5/23/2010,15
5/24/2010,10
5/25/2010,15
5/26/2010,13
5/27/2010,10
5/28/2010,5
5/29/2010,8
5/30/2010,15
5/31/2010,22
6/1/2010,19
6/2/2010,5
6/3/2010,12
6/4/2010,15
6/5/2010,11
6/6/2010,8
6/7/2010,14
6/8/2010,15
6/9/2010,12
6/10/2010,7
6/11/2010,16
6/12/2010,19
6/13/2010,8
6/14/2010,10
6/15/2010,6
6/16/2010,16
6/17/2010,14
6/18/2010,18
6/19/2010,9
6/20/2010,10
6/21/2010,10
6/22/2010,9
6/23/2010,13
6/24/2010,12
6/25/2010,12
6/26/2010,9
6/27/2010,12
6/28/2010,10
6/29/2010,15
6/30/2010,10
7/1/2010,13
7/2/2010,10
7/3/2010,14
7/4/2010,14
7/5/2010,15
7/6/2010,15
7/7/2010,12
7/8/2010,10
7/9/2010,8
7/10/2010,12
7/11/2010,12
7/12/2010,16
7/13/2010,17
7/14/2010,19
7/15/2010,7
7/16/2010,23
7/17/2010,10
7/18/2010,13
7/19/2010,20
7/20/2010,22
7/21/2010,9
7/22/2010,12
7/23/2010,12
7/24/2010,12
7/25/2010,12
7/26/2010,14
7/27/2010,13
7/28/2010,13
7/29/2010,11
7/30/2010,14
7/31/2010,16
8/1/2010,10
8/2/2010,7
8/3/2010,10
8/4/2010,8
8/5/2010,14
8/6/2010,11
8/7/2010,12
8/8/2010,17
8/9/2010,14
8/10/2010,0
8/11/2010,12
8/12/2010,10
8/13/2010,8
8/14/2010,5
8/15/2010,9
8/16/2010,8
8/17/2010,10
8/18/2010,16
8/19/2010,6
8/20/2010,10
8/21/2010,12
8/22/2010,9
8/23/2010,12
8/24/2010,13
8/25/2010,14
8/26/2010,13
8/27/2010,18
8/28/2010,12
8/29/2010,15
8/30/2010,8
8/31/2010,15
9/1/2010,12
9/2/2010,10
9/3/2010,0
9/4/2010,8
9/5/2010,7
9/6/2010,16
9/7/2010,0
9/8/2010,0
9/9/2010,8
9/10/2010,10
9/11/2010,20
9/12/2010,11
9/13/2010,5
9/14/2010,12
9/15/2010,9
9/16/2010,12
9/17/2010,8
9/18/2010,8
9/19/2010,19
9/20/2010,10
9/21/2010,8
9/22/2010,10
9/23/2010,14
9/24/2010,10
9/25/2010,11
9/26/2010,7
9/27/2010,8
9/28/2010,12
9/29/2010,10
9/30/2010,13
10/1/2010,7
10/2/2010,14
10/3/2010,5
10/4/2010,6
10/5/2010,7
10/6/2010,5
10/7/2010,10
10/8/2010,14
10/9/2010,15
10/10/2010,12
10/11/2010,7
10/12/2010,9
10/13/2010,8
10/14/2010,10
10/15/2010,15
10/16/2010,10
10/17/2010,7
10/18/2010,11
10/19/2010,9
10/20/2010,18
10/21/2010,13
10/22/2010,8
10/23/2010,11
10/24/2010,10
10/25/2010,8
10/26/2010,0
10/27/2010,6
10/28/2010,8
10/29/2010,10
10/30/2010,13
10/31/2010,14
11/1/2010,10
11/2/2010,10
11/3/2010,7
11/4/2010,11
11/5/2010,10
11/6/2010,13
11/7/2010,12
11/8/2010,11
11/9/2010,14
11/10/2010,7
11/11/2010,19
11/12/2010,15
11/13/2010,7
11/14/2010,10
11/15/2010,14
11/16/2010,12
11/17/2010,6
11/18/2010,10
11/19/2010,12
11/20/2010,17
11/21/2010,15
11/22/2010,13
11/23/2010,8
11/24/2010,15
11/25/2010,13
11/26/2010,13
11/27/2010,15
11/28/2010,0
11/29/2010,4
11/30/2010,10
12/1/2010,10
12/2/2010,21
12/3/2010,15
12/4/2010,10
12/5/2010,12
12/6/2010,13
12/7/2010,14
12/8/2010,13
12/9/2010,13
12/10/2010,16
12/11/2010,7
12/12/2010,10
12/13/2010,20
12/14/2010,10
12/15/2010,11
12/16/2010,9
12/17/2010,16
12/18/2010,15
12/19/2010,14
12/20/2010,14
12/21/2010,20
12/22/2010,11
12/23/2010,10
12/24/2010,8
12/25/2010,10
12/26/2010,11
12/27/2010,4
12/28/2010,9
12/29/2010,19
12/30/2010,14
12/31/2010,13
1/1/2011,15
1/2/2011,9
1/3/2011,11
1/4/2011,10
1/5/2011,18
1/6/2011,12
1/7/2011,15
1/8/2011,18
1/9/2011,23
1/10/2011,17
1/11/2011,14
1/12/2011,11
1/13/2011,14
1/14/2011,15
1/15/2011,24
1/16/2011,20
1/17/2011,20
1/18/2011,18
1/19/2011,18
1/20/2011,18
1/21/2011,12
1/22/2011,9
1/23/2011,14
1/24/2011,14
1/25/2011,13
1/26/2011,13
1/27/2011,20
1/28/2011,15
1/29/2011,10
1/30/2011,11
1/31/2011,8
2/1/2011,7
2/2/2011,0
2/3/2011,5
2/4/2011,6
2/5/2011,7
2/6/2011,16
2/7/2011,6
2/8/2011,8
2/9/2011,5
2/10/2011,12
2/11/2011,12
2/12/2011,6
2/13/2011,14
2/14/2011,0
2/15/2011,8
2/16/2011,14
2/17/2011,15
2/18/2011,6
2/19/2011,7
2/20/2011,8
2/21/2011,7
2/22/2011,0
2/23/2011,5
2/24/2011,11
2/25/2011,10
2/26/2011,9
2/27/2011,7
2/28/2011,20
3/1/2011,14
3/2/2011,10
3/3/2011,18
3/4/2011,16
3/5/2011,23
3/6/2011,15
3/7/2011,10
3/8/2011,19
3/9/2011,9
3/10/2011,18
3/11/2011,18
3/12/2011,9
3/13/2011,18
3/14/2011,15
3/15/2011,21
3/16/2011,22
3/17/2011,13
3/18/2011,19
3/19/2011,10
3/20/2011,8
3/21/2011,10
3/22/2011,7
3/23/2011,10
3/24/2011,13
3/25/2011,13
3/26/2011,23
3/27/2011,20
3/28/2011,11
3/29/2011,13
3/30/2011,12
3/31/2011,15
4/1/2011,9
4/2/2011,15
4/3/2011,10
4/4/2011,12
4/5/2011,18
4/6/2011,18
4/7/2011,10
4/8/2011,8
4/9/2011,23
4/10/2011,16
4/11/2011,13
4/12/2011,5
4/13/2011,10
4/14/2011,10
4/15/2011,12
4/16/2011,0
4/17/2011,11
4/18/2011,12
4/19/2011,14
4/20/2011,13
4/21/2011,6
4/22/2011,0
4/23/2011,0
4/24/2011,18
4/25/2011,10
4/26/2011,10
4/27/2011,11
4/28/2011,10
4/29/2011,5
4/30/2011,10
5/1/2011,10
5/2/2011,6
5/3/2011,8
5/4/2011,8
5/5/2011,10
5/6/2011,13
5/7/2011,15
5/8/2011,14
5/9/2011,15
5/10/2011,12
5/11/2011,7
5/12/2011,15
5/13/2011,7
5/14/2011,7
5/15/2011,10
5/16/2011,8
5/17/2011,8
5/18/2011,8
5/19/2011,10
5/20/2011,10
5/21/2011,17
5/22/2011,18
5/23/2011,16
5/24/2011,13
5/25/2011,17
5/26/2011,17
5/27/2011,15
5/28/2011,10
5/29/2011,11
5/30/2011,10
5/31/2011,7
6/1/2011,10
6/2/2011,15
6/3/2011,14
6/4/2011,10
6/5/2011,7
6/6/2011,12
6/7/2011,14
6/8/2011,12
6/9/2011,15
6/10/2011,17
6/11/2011,17
6/12/2011,20
6/13/2011,11
6/14/2011,10
6/15/2011,14
6/16/2011,15
6/17/2011,15
6/18/2011,8
6/19/2011,12
6/20/2011,7
6/21/2011,12
6/22/2011,10
6/23/2011,16
6/24/2011,8
6/25/2011,15
6/26/2011,7
6/27/2011,14
6/28/2011,7
6/29/2011,15
6/30/2011,10
7/1/2011,5
7/2/2011,15
7/3/2011,12
7/4/2011,15
7/5/2011,15
7/6/2011,7
7/7/2011,17
7/8/2011,12
7/9/2011,0
7/10/2011,14
7/11/2011,16
7/12/2011,6
7/13/2011,12
7/14/2011,16
7/15/2011,8
7/16/2011,5
7/17/2011,10
7/18/2011,14
7/19/2011,9
7/20/2011,14
7/21/2011,13
7/22/2011,12
7/23/2011,0
7/24/2011,15
7/25/2011,19
7/26/2011,9
7/27/2011,11
7/28/2011,11
7/29/2011,8
7/30/2011,5
7/31/2011,13
8/1/2011,12
8/2/2011,20
8/3/2011,16
8/4/2011,12
8/5/2011,18
8/6/2011,11
8/7/2011,9
8/8/2011,14
8/9/2011,13
8/10/2011,18
8/11/2011,14
8/12/2011,13
8/13/2011,16
8/14/2011,18
8/15/2011,12
8/16/2011,15
8/17/2011,10
8/18/2011,7
8/19/2011,5
8/20/2011,9
8/21/2011,0
8/22/2011,6
8/23/2011,15
8/24/2011,6
8/25/2011,13
8/26/2011,16
8/27/2011,11
8/28/2011,5
8/29/2011,9
8/30/2011,11
8/31/2011,14
9/1/2011,8
9/2/2011,15
9/3/2011,13
9/4/2011,10
9/5/2011,0
9/6/2011,6
9/7/2011,13
9/8/2011,8
9/9/2011,8
9/10/2011,10
9/11/2011,13
9/12/2011,10
9/13/2011,13
9/14/2011,14
9/15/2011,10
9/16/2011,5
9/17/2011,6
9/18/2011,15
9/19/2011,8
9/20/2011,8
9/21/2011,5
9/22/2011,13
9/23/2011,10
9/24/2011,10
9/25/2011,10
9/26/2011,13
9/27/2011,8
9/28/2011,10
9/29/2011,12
9/30/2011,0
10/1/2011,11
10/2/2011,7
10/3/2011,14
10/4/2011,10
10/5/2011,11
10/6/2011,11
10/7/2011,0
10/8/2011,12
10/9/2011,6
10/10/2011,14
10/11/2011,13
10/12/2011,5
10/13/2011,0
10/14/2011,7
10/15/2011,0
10/16/2011,7
10/17/2011,0
10/18/2011,8
10/19/2011,0
10/20/2011,0
10/21/2011,9
10/22/2011,8
10/23/2011,10
10/24/2011,10
10/25/2011,9
10/26/2011,7
10/27/2011,7
10/28/2011,6
10/29/2011,10
10/30/2011,13
10/31/2011,18
11/1/2011,10
11/2/2011,10
11/3/2011,10
11/4/2011,5
11/5/2011,0
11/6/2011,13
11/7/2011,12
11/8/2011,10
11/9/2011,15
11/10/2011,12
11/11/2011,11
11/12/2011,11
11/13/2011,10
11/14/2011,14
11/15/2011,14
11/16/2011,12
11/17/2011,13
11/18/2011,14
11/19/2011,13
11/20/2011,11
11/21/2011,15
11/22/2011,16
11/23/2011,15
11/24/2011,10
11/25/2011,14
11/26/2011,11
11/27/2011,16
11/28/2011,20
11/29/2011,10
11/30/2011,17
12/1/2011,12
12/2/2011,20
12/3/2011,12
12/4/2011,17
12/5/2011,12
12/6/2011,14
12/7/2011,11
12/8/2011,15
12/9/2011,15
12/10/2011,21
12/11/2011,17
12/12/2011,20
12/13/2011,16
12/14/2011,14
12/15/2011,13
12/16/2011,12
12/17/2011,15
12/18/2011,11
12/19/2011,12
12/20/2011,15
12/21/2011,10
12/22/2011,17
12/23/2011,20
12/24/2011,19
12/25/2011,15
12/26/2011,15
12/27/2011,15
12/28/2011,14
12/29/2011,9
12/30/2011,8
12/31/2011,18
1/1/2012,20
1/2/2012,20
1/3/2012,16
1/4/2012,14
1/5/2012,17
1/6/2012,18
1/7/2012,12
1/8/2012,15
1/9/2012,15
1/10/2012,10
1/11/2012,18
1/12/2012,20
1/13/2012,18
1/14/2012,18
1/15/2012,12
1/16/2012,16
1/17/2012,8
1/18/2012,11
1/19/2012,6
1/20/2012,12
1/21/2012,13
1/22/2012,10
1/23/2012,13
1/24/2012,9
1/25/2012,10
1/26/2012,10
1/27/2012,14
1/28/2012,9
1/29/2012,7
1/30/2012,7
1/31/2012,7
2/1/2012,15
2/2/2012,9
2/3/2012,10
2/4/2012,11
2/5/2012,8
2/6/2012,10
2/7/2012,16
2/8/2012,11
2/9/2012,10
2/10/2012,11
2/11/2012,13
2/12/2012,0
2/13/2012,7
2/14/2012,5
2/15/2012,10
2/16/2012,18
2/17/2012,17
2/18/2012,13
2/19/2012,16
2/20/2012,9
2/21/2012,6
2/22/2012,12
2/23/2012,6
2/24/2012,16
2/25/2012,18
2/26/2012,15
2/27/2012,7
2/28/2012,14
2/29/2012,8
3/1/2012,6
3/2/2012,10
3/3/2012,20
3/4/2012,12
3/5/2012,14
3/6/2012,12
3/7/2012,12
3/8/2012,8
3/9/2012,7
3/10/2012,10
3/11/2012,14
3/12/2012,12
3/13/2012,13
3/14/2012,16
3/15/2012,16
3/16/2012,22
3/17/2012,14
3/18/2012,16
3/19/2012,21
3/20/2012,15
3/21/2012,17
3/22/2012,17
3/23/2012,13
3/24/2012,10
3/25/2012,11
3/26/2012,13
3/27/2012,15
3/28/2012,15
3/29/2012,18
3/30/2012,13
3/31/2012,8
4/1/2012,9
4/2/2012,19
4/3/2012,18
4/4/2012,21
4/5/2012,20
4/6/2012,15
4/7/2012,9
4/8/2012,15
4/9/2012,9
4/10/2012,18
4/11/2012,12
4/12/2012,8
4/13/2012,20
4/14/2012,13
4/15/2012,18
4/16/2012,20
4/17/2012,11
4/18/2012,14
4/19/2012,20
4/20/2012,13
4/21/2012,10
4/22/2012,6
4/23/2012,22
4/24/2012,13
4/25/2012,6
4/26/2012,10
4/27/2012,13
4/28/2012,14
4/29/2012,14
4/30/2012,9
5/1/2012,16
5/2/2012,16
5/3/2012,18
5/4/2012,10
5/5/2012,16
5/6/2012,13
5/7/2012,12
5/8/2012,14
5/9/2012,20
5/10/2012,18
5/11/2012,12
5/12/2012,12
5/13/2012,7
5/14/2012,12
5/15/2012,11
5/16/2012,8
5/17/2012,13
5/18/2012,21
5/19/2012,8
5/20/2012,9
5/21/2012,17
5/22/2012,16
5/23/2012,14
5/24/2012,22
5/25/2012,12
5/26/2012,18
5/27/2012,12
5/28/2012,10
5/29/2012,16
5/30/2012,8
5/31/2012,10
6/1/2012,16
6/2/2012,0
6/3/2012,12
6/4/2012,18
6/5/2012,13
6/6/2012,16
6/7/2012,8
6/8/2012,12
6/9/2012,18
6/10/2012,15
6/11/2012,20
6/12/2012,7
6/13/2012,14
6/14/2012,16
6/15/2012,11
6/16/2012,0
6/17/2012,15
6/18/2012,12
6/19/2012,10
6/20/2012,20
6/21/2012,13
6/22/2012,17
6/23/2012,18
6/24/2012,14
6/25/2012,15
6/26/2012,0
6/27/2012,10
6/28/2012,12
6/29/2012,17
6/30/2012,15
7/1/2012,13
7/2/2012,8
7/3/2012,15
7/4/2012,17
7/5/2012,15
7/6/2012,10
7/7/2012,11
7/8/2012,12
7/9/2012,11
7/10/2012,10
7/11/2012,10
7/12/2012,10
7/13/2012,12
7/14/2012,12
7/15/2012,15
7/16/2012,15
7/17/2012,14
7/18/2012,11
7/19/2012,15
7/20/2012,15
7/21/2012,19
7/22/2012,9
7/23/2012,18
7/24/2012,16
7/25/2012,15
7/26/2012,0
7/27/2012,16
7/28/2012,14
7/29/2012,16
7/30/2012,12
7/31/2012,12
8/1/2012,13
8/2/2012,12
8/3/2012,6
8/4/2012,14
8/5/2012,11
8/6/2012,8
8/7/2012,13
8/8/2012,5
8/9/2012,14
8/10/2012,12
8/11/2012,9
8/12/2012,17
8/13/2012,16
8/14/2012,6
8/15/2012,9
8/16/2012,14
8/17/2012,18
8/18/2012,18
8/19/2012,10
8/20/2012,15
8/21/2012,12
8/22/2012,7
8/23/2012,12
8/24/2012,8
8/25/2012,9
8/26/2012,3
8/27/2012,10
8/28/2012,0
8/29/2012,10
8/30/2012,0
8/31/2012,16
9/1/2012,8
9/2/2012,7
9/3/2012,10
9/4/2012,7
9/5/2012,7
9/6/2012,17
9/7/2012,6
9/8/2012,10
9/9/2012,10
9/10/2012,14
9/11/2012,9
9/12/2012,15
9/13/2012,12
9/14/2012,8
9/15/2012,9
9/16/2012,12
9/17/2012,6
9/18/2012,10
9/19/2012,5
9/20/2012,10
9/21/2012,8
9/22/2012,5
9/23/2012,5
9/24/2012,8
9/25/2012,9
9/26/2012,5
9/27/2012,7
9/28/2012,15
9/29/2012,13
9/30/2012,5
10/1/2012,8
10/2/2012,12
10/3/2012,6
10/4/2012,8
10/5/2012,11
10/6/2012,9
10/7/2012,9
10/8/2012,10
10/9/2012,11
10/10/2012,2
10/11/2012,8
10/12/2012,13
10/13/2012,4
10/14/2012,10
10/15/2012,12
10/16/2012,7
10/17/2012,14
10/18/2012,14
10/19/2012,10
10/20/2012,8
10/21/2012,10
10/22/2012,10
10/23/2012,12
10/24/2012,9
10/25/2012,12
10/26/2012,14
10/27/2012,15
10/28/2012,20
10/29/2012,13
10/30/2012,15
10/31/2012,12
11/1/2012,11
11/2/2012,13
11/3/2012,12
11/4/2012,10
11/5/2012,13
11/6/2012,14
11/7/2012,5
11/8/2012,4
11/9/2012,18
11/10/2012,6
11/11/2012,18
11/12/2012,15
11/13/2012,12
11/14/2012,14
11/15/2012,15
11/16/2012,15
11/17/2012,15
11/18/2012,14
11/19/2012,12
11/20/2012,10
11/21/2012,15
11/22/2012,16
11/23/2012,16
11/24/2012,11
11/25/2012,12
11/26/2012,12
11/27/2012,9
11/28/2012,18
11/29/2012,12
11/30/2012,15
12/1/2012,13
12/2/2012,9
12/3/2012,10
12/4/2012,7
12/5/2012,7
12/6/2012,7
12/7/2012,14
12/8/2012,10
12/9/2012,14
12/10/2012,14
12/11/2012,17
12/12/2012,16
12/13/2012,11
12/14/2012,14
12/15/2012,15
12/16/2012,9
12/17/2012,13
12/18/2012,15
12/19/2012,9
12/20/2012,12
12/21/2012,14
12/22/2012,10
12/23/2012,8
12/24/2012,7
12/25/2012,2
12/26/2012,8
12/27/2012,6
12/28/2012,10
12/29/2012,0
12/30/2012,3
12/31/2012,3
1/1/2013,12
1/2/2013,9
1/3/2013,11
1/4/2013,6
1/5/2013,4
1/6/2013,4
1/7/2013,8
1/8/2013,5
1/9/2013,8
1/10/2013,0
1/11/2013,9
1/12/2013,13
1/13/2013,10
1/14/2013,13
1/15/2013,12
1/16/2013,10
1/17/2013,14
1/18/2013,11
1/19/2013,5
1/20/2013,6
1/21/2013,18
1/22/2013,10
1/23/2013,12
1/24/2013,8
1/25/2013,8
1/26/2013,9
1/27/2013,11
1/28/2013,10
1/29/2013,12
1/30/2013,13
1/31/2013,14
2/1/2013,10
2/2/2013,6
2/3/2013,0
2/4/2013,9
2/5/2013,8
2/6/2013,14
2/7/2013,14
2/8/2013,14
2/9/2013,10
2/10/2013,12
2/11/2013,14
2/12/2013,5
2/13/2013,7
2/14/2013,8
2/15/2013,3
2/16/2013,5
2/17/2013,5
2/18/2013,0
2/19/2013,7
2/20/2013,8
2/21/2013,11
2/22/2013,8
2/23/2013,13
2/24/2013,17
2/25/2013,7
2/26/2013,10
2/27/2013,10
2/28/2013,10
3/1/2013,5
3/2/2013,15
3/3/2013,13
3/4/2013,9
3/5/2013,21
3/6/2013,14
3/7/2013,14
3/8/2013,10
3/9/2013,1
3/10/2013,13
3/11/2013,5
3/12/2013,10
3/13/2013,9
3/14/2013,6
3/15/2013,8
3/16/2013,8
3/17/2013,9
3/18/2013,4
3/19/2013,8
3/20/2013,9
3/21/2013,7
3/22/2013,5
3/23/2013,16
3/24/2013,4
3/25/2013,6
3/26/2013,9
3/27/2013,16
3/28/2013,15
3/29/2013,11
3/30/2013,11
3/31/2013,9
4/1/2013,12
4/2/2013,8
4/3/2013,12
4/4/2013,18
4/5/2013,3
4/6/2013,12
4/7/2013,15
4/8/2013,17
4/9/2013,13
4/10/2013,11
4/11/2013,15
4/12/2013,19
4/13/2013,6
4/14/2013,10
4/15/2013,4
4/16/2013,10
4/17/2013,13
4/18/2013,10
4/19/2013,14
4/20/2013,9
4/21/2013,10
4/22/2013,14
4/23/2013,16
4/24/2013,10
4/25/2013,18
4/26/2013,1
4/27/2013,6
4/28/2013,15
4/29/2013,2
4/30/2013,5
5/1/2013,6
5/2/2013,14
5/3/2013,18
5/4/2013,14
5/5/2013,10
5/6/2013,8
5/7/2013,7
5/8/2013,9
5/9/2013,11
5/10/2013,10
5/11/2013,13
5/12/2013,8
5/13/2013,12
5/14/2013,10
5/15/2013,10
5/16/2013,9
5/17/2013,2
5/18/2013,6
5/19/2013,8
5/20/2013,6
5/21/2013,10
5/22/2013,10
5/23/2013,15
5/24/2013,9
5/25/2013,7
5/26/2013,10
5/27/2013,16
5/28/2013,4
5/29/2013,4
5/30/2013,10
5/31/2013,13
6/1/2013,10
6/2/2013,12
6/3/2013,14
6/4/2013,12
6/5/2013,6
6/6/2013,8
6/7/2013,7
6/8/2013,8
6/9/2013,10
6/10/2013,10
6/11/2013,6
6/12/2013,14
6/13/2013,10
6/14/2013,8
6/15/2013,8
6/16/2013,5
6/17/2013,6
6/18/2013,11
6/19/2013,5
6/20/2013,3
6/21/2013,10
6/22/2013,6
6/23/2013,10
6/24/2013,11
6/25/2013,12
6/26/2013,10
6/27/2013,2
6/28/2013,6
6/29/2013,7
6/30/2013,6
7/1/2013,9
7/2/2013,9
7/3/2013,10
7/4/2013,15
7/5/2013,12
7/6/2013,7
7/7/2013,10
7/8/2013,12
7/9/2013,13
7/10/2013,18
7/11/2013,13
7/12/2013,12
7/13/2013,5
7/14/2013,7
7/15/2013,10
7/16/2013,10
7/17/2013,2
7/18/2013,15
7/19/2013,5
7/20/2013,7
7/21/2013,15
7/22/2013,9
7/23/2013,8
7/24/2013,8
7/25/2013,11
7/26/2013,8
7/27/2013,7
7/28/2013,10
7/29/2013,14
7/30/2013,11
7/31/2013,3
8/1/2013,10
8/2/2013,7
8/3/2013,10
8/4/2013,3
8/5/2013,3
8/6/2013,9
8/7/2013,8
8/8/2013,11
8/9/2013,2
8/10/2013,11
8/11/2013,4
8/12/2013,10
8/13/2013,2
8/14/2013,7
8/15/2013,12
8/16/2013,6
8/17/2013,2
8/18/2013,5
8/19/2013,6
8/20/2013,8
8/21/2013,5
8/22/2013,7
8/23/2013,12
8/24/2013,7
8/25/2013,10
8/26/2013,9
8/27/2013,8
8/28/2013,6
8/29/2013,5
8/30/2013,9
8/31/2013,5
9/1/2013,10
9/2/2013,10
9/3/2013,6
9/4/2013,17
9/5/2013,8
9/6/2013,12
9/7/2013,5
9/8/2013,12
9/9/2013,10
9/10/2013,7
9/11/2013,8
9/12/2013,6
9/13/2013,6
9/14/2013,5
9/15/2013,9
9/16/2013,10
9/17/2013,15
9/18/2013,6
9/19/2013,10
9/20/2013,12
9/21/2013,9
9/22/2013,9
9/23/2013,8
9/24/2013,10
9/25/2013,9
9/26/2013,8
9/27/2013,5
9/28/2013,6
9/29/2013,10
9/30/2013,5
10/1/2013,10
10/2/2013,2
10/3/2013,2
10/4/2013,5
10/5/2013,9
10/6/2013,5
10/7/2013,12
10/8/2013,7
10/9/2013,12
10/10/2013,13
10/11/2013,16
10/12/2013,10
10/13/2013,0
10/14/2013,3
10/15/2013,6
10/16/2013,8
10/17/2013,5
10/18/2013,7
10/19/2013,5
10/20/2013,5
10/21/2013,7
10/22/2013,8
10/23/2013,0
10/24/2013,8
10/25/2013,10
10/26/2013,10
10/27/2013,11
10/28/2013,10
10/29/2013,8
10/30/2013,5
10/31/2013,6
11/1/2013,10
11/2/2013,9
11/3/2013,4
11/4/2013,16
11/5/2013,12
11/6/2013,17
11/7/2013,10
11/8/2013,14
11/9/2013,10
11/10/2013,13
11/11/2013,9
11/12/2013,9
11/13/2013,18
11/14/2013,10
11/15/2013,12
11/16/2013,9
11/17/2013,7
11/18/2013,12
11/19/2013,9
11/20/2013,12
11/21/2013,8
11/22/2013,12
11/23/2013,18
11/24/2013,14
11/25/2013,17
11/26/2013,11
11/27/2013,12
11/28/2013,11
11/29/2013,10
11/30/2013,10
12/1/2013,5
12/2/2013,6
12/3/2013,5
12/4/2013,0
12/5/2013,3
12/6/2013,4
12/7/2013,15
12/8/2013,6
12/9/2013,12
12/10/2013,9
12/11/2013,10
12/12/2013,3
12/13/2013,3
12/14/2013,5
12/15/2013,5
12/16/2013,10
12/17/2013,7
12/18/2013,9
12/19/2013,10
12/20/2013,8
12/21/2013,10
12/22/2013,9
12/23/2013,10
12/24/2013,12
12/25/2013,13
12/26/2013,11
12/27/2013,9
12/28/2013,12
12/29/2013,9
12/30/2013,8
12/31/2013,10
1/1/2014,8
1/2/2014,7
1/3/2014,2
1/4/2014,7
1/5/2014,10
1/6/2014,16
1/7/2014,10
1/8/2014,18
1/9/2014,14
1/10/2014,14
1/11/2014,10
1/12/2014,10
1/13/2014,18
1/14/2014,11
1/15/2014,13
1/16/2014,8
1/17/2014,14
1/18/2014,10
1/19/2014,13
1/20/2014,10
1/21/2014,13
1/22/2014,13
1/23/2014,15
1/24/2014,13
1/25/2014,10
1/26/2014,15
1/27/2014,13
1/28/2014,12
1/29/2014,14
1/30/2014,8
1/31/2014,15
2/1/2014,12
2/2/2014,14
2/3/2014,15
2/4/2014,18
2/5/2014,15
2/6/2014,10
2/7/2014,7
2/8/2014,8
2/9/2014,10
2/10/2014,15
2/11/2014,10
2/12/2014,15
2/13/2014,10
2/14/2014,9
2/15/2014,3
2/16/2014,10
2/17/2014,8
2/18/2014,8
2/19/2014,4
2/20/2014,7
2/21/2014,0
2/22/2014,6
2/23/2014,12
2/24/2014,11
2/25/2014,10
2/26/2014,10
2/27/2014,10
2/28/2014,12
3/1/2014,9
3/2/2014,11
3/3/2014,6
3/4/2014,14
3/5/2014,10
3/6/2014,11
3/7/2014,10
3/8/2014,6
3/9/2014,3
3/10/2014,6
3/11/2014,11
3/12/2014,13
3/13/2014,11
3/14/2014,11
3/15/2014,8
3/16/2014,11
3/17/2014,20
3/18/2014,16
3/19/2014,11
3/20/2014,15
3/21/2014,8
3/22/2014,7
3/23/2014,10
3/24/2014,14
3/25/2014,13
3/26/2014,15
3/27/2014,13
3/28/2014,3
3/29/2014,11
3/30/2014,15
3/31/2014,16
4/1/2014,13
4/2/2014,12
4/3/2014,19
4/4/2014,13
4/5/2014,11
4/6/2014,14
4/7/2014,15
4/8/2014,12
4/9/2014,15
4/10/2014,9
4/11/2014,4
4/12/2014,10
4/13/2014,15
4/14/2014,11
4/15/2014,10
4/16/2014,15
4/17/2014,12
4/18/2014,13
4/19/2014,9
4/20/2014,18
4/21/2014,10
4/22/2014,8
4/23/2014,12
4/24/2014,16
4/25/2014,6
4/26/2014,12
4/27/2014,10
4/28/2014,13
4/29/2014,13
4/30/2014,13
5/1/2014,14
5/2/2014,11
5/3/2014,17
5/4/2014,11
5/5/2014,18
5/6/2014,10
5/7/2014,9
5/8/2014,10
5/9/2014,10
5/10/2014,16
5/11/2014,10
5/12/2014,1
5/13/2014,7
5/14/2014,9
5/15/2014,9
5/16/2014,7
5/17/2014,7
5/18/2014,6
5/19/2014,9
5/20/2014,18
5/21/2014,13
5/22/2014,8
5/23/2014,13
5/24/2014,5
5/25/2014,5
5/26/2014,6
5/27/2014,8
5/28/2014,14
5/29/2014,11
5/30/2014,10
5/31/2014,8
6/1/2014,12
6/2/2014,15
6/3/2014,4
6/4/2014,10
6/5/2014,6
6/6/2014,10
6/7/2014,8
6/8/2014,14
6/9/2014,11
6/10/2014,10
6/11/2014,8
6/12/2014,6
6/13/2014,8
6/14/2014,12
6/15/2014,8
6/16/2014,3
6/17/2014,10
6/18/2014,13
6/19/2014,12
6/20/2014,8
6/21/2014,15
6/22/2014,13
6/23/2014,11
6/24/2014,9
6/25/2014,9
6/26/2014,10
6/27/2014,7
6/28/2014,14
6/29/2014,13
6/30/2014,14
7/1/2014,13
7/2/2014,18
7/3/2014,7
7/4/2014,10
7/5/2014,10
7/6/2014,15
7/7/2014,15
7/8/2014,12
7/9/2014,10
7/10/2014,9
7/11/2014,4
7/12/2014,10
7/13/2014,10
7/14/2014,9
7/15/2014,13
7/16/2014,12
7/17/2014,10
7/18/2014,10
7/19/2014,10
7/20/2014,0
7/21/2014,10
7/22/2014,11
7/23/2014,13
7/24/2014,8
7/25/2014,10
7/26/2014,10
7/27/2014,10
7/28/2014,8
7/29/2014,13
7/30/2014,8
7/31/2014,10
8/1/2014,5
8/2/2014,5
8/3/2014,10
8/4/2014,6
8/5/2014,8
8/6/2014,5
8/7/2014,5
8/8/2014,10
8/9/2014,10
8/10/2014,12
8/11/2014,12
8/12/2014,9
8/13/2014,10
8/14/2014,0
8/15/2014,12
8/16/2014,12
8/17/2014,6
8/18/2014,8
8/19/2014,10
8/20/2014,9
8/21/2014,8
8/22/2014,7
8/23/2014,7
8/24/2014,3
8/25/2014,7
8/26/2014,9
8/27/2014,6
8/28/2014,8
8/29/2014,3
8/30/2014,6
8/31/2014,8
9/1/2014,10
9/2/2014,4
9/3/2014,0
9/4/2014,10
9/5/2014,4
9/6/2014,6
9/7/2014,8
9/8/2014,9
9/9/2014,12
9/10/2014,9
9/11/2014,8
9/12/2014,6
9/13/2014,9
9/14/2014,10
9/15/2014,3
9/16/2014,7
9/17/2014,0
9/18/2014,8
9/19/2014,8
9/20/2014,6
9/21/2014,10
9/22/2014,3
9/23/2014,8
9/24/2014,2
9/25/2014,8
9/26/2014,11
9/27/2014,8
9/28/2014,10
9/29/2014,0
9/30/2014,5
10/1/2014,4
10/2/2014,0
10/3/2014,5
10/4/2014,5
10/5/2014,5
10/6/2014,5
10/7/2014,7
10/8/2014,5
10/9/2014,10
10/10/2014,5
10/11/2014,7
10/12/2014,11
10/13/2014,8
10/14/2014,7
10/15/2014,10
10/16/2014,9
10/17/2014,0
10/18/2014,12
10/19/2014,7
10/20/2014,0
10/21/2014,3
10/22/2014,0
10/23/2014,0
10/24/2014,7
10/25/2014,13
10/26/2014,0
10/27/2014,2
10/28/2014,6
10/29/2014,5
10/30/2014,2
10/31/2014,7
11/1/2014,16
11/2/2014,6
11/3/2014,11
11/4/2014,15
11/5/2014,8
11/6/2014,11
11/7/2014,10
11/8/2014,10
11/9/2014,10
11/10/2014,9
11/11/2014,12
11/12/2014,14
11/13/2014,10
11/14/2014,15
11/15/2014,6
11/16/2014,13
11/17/2014,10
11/18/2014,15
11/19/2014,12
11/20/2014,10
11/21/2014,10
11/22/2014,17
11/23/2014,11
11/24/2014,9
11/25/2014,10
11/26/2014,6
11/27/2014,15
11/28/2014,16
11/29/2014,9
11/30/2014,9
12/1/2014,13
12/2/2014,18
12/3/2014,15
12/4/2014,16
12/5/2014,17
12/6/2014,16
12/7/2014,15
12/8/2014,13
12/9/2014,8
12/10/2014,10
12/11/2014,14
12/12/2014,19
12/13/2014,15
12/14/2014,11
12/15/2014,13
12/16/2014,12
12/17/2014,13
12/18/2014,15
12/19/2014,10
12/20/2014,6
12/21/2014,0
12/22/2014,0
12/23/2014,10
12/24/2014,10
12/25/2014,12
12/26/2014,19
12/27/2014,15
12/28/2014,14
12/29/2014,18
12/30/2014,15
12/31/2014,10
1/1/2015,11
1/2/2015,15
1/3/2015,15
1/4/2015,15
1/5/2015,18
1/6/2015,13
1/7/2015,10
1/8/2015,15
1/9/2015,10
1/10/2015,15
1/11/2015,18
1/12/2015,15
1/13/2015,17
1/14/2015,12
1/15/2015,13
1/16/2015,13
1/17/2015,14
1/18/2015,10
1/19/2015,0
1/20/2015,13
1/21/2015,9
1/22/2015,22
1/23/2015,13
1/24/2015,14
1/25/2015,0
1/26/2015,10
1/27/2015,15
1/28/2015,15
1/29/2015,16
1/30/2015,18
1/31/2015,15
2/1/2015,14
2/2/2015,12
2/3/2015,10
2/4/2015,10
2/5/2015,7
2/6/2015,12
2/7/2015,7
2/8/2015,9
2/9/2015,9
2/10/2015,11
2/11/2015,14
2/12/2015,9
2/13/2015,8
2/14/2015,10
2/15/2015,7
2/16/2015,6
2/17/2015,12
2/18/2015,12
2/19/2015,18
2/20/2015,15
2/21/2015,16
2/22/2015,10
2/23/2015,14
2/24/2015,10
2/25/2015,12
2/26/2015,22
2/27/2015,12
2/28/2015,18
3/1/2015,17
3/2/2015,8
3/3/2015,18
3/4/2015,7
3/5/2015,8
3/6/2015,8
3/7/2015,5
3/8/2015,9
3/9/2015,12
3/10/2015,7
3/11/2015,6
3/12/2015,9
3/13/2015,13
3/14/2015,10
3/15/2015,7
3/16/2015,12
3/17/2015,0
3/18/2015,6
3/19/2015,4
3/20/2015,0
3/21/2015,0
3/22/2015,12
3/23/2015,8
3/24/2015,6
3/25/2015,5
3/26/2015,0
3/27/2015,8
3/28/2015,4
3/29/2015,7
3/30/2015,7
3/31/2015,10
4/1/2015,10
4/2/2015,7
4/3/2015,3
4/4/2015,10
4/5/2015,10
4/6/2015,13
4/7/2015,5
4/8/2015,15
4/9/2015,6
4/10/2015,4
4/11/2015,8
4/12/2015,10
4/13/2015,10
4/14/2015,14
4/15/2015,12
4/16/2015,9
4/17/2015,16
4/18/2015,8
4/19/2015,9
4/20/2015,11
4/21/2015,8
4/22/2015,10
4/23/2015,10
4/24/2015,4
4/25/2015,8
4/26/2015,5
4/27/2015,10
4/28/2015,15
4/29/2015,5
4/30/2015,9
5/1/2015,11
5/2/2015,18
5/3/2015,11
5/4/2015,2
5/5/2015,6
5/6/2015,13
5/7/2015,12
5/8/2015,10
5/9/2015,8
5/10/2015,18
5/11/2015,12
5/12/2015,14
5/13/2015,7
5/14/2015,8
5/15/2015,2
5/16/2015,5
5/17/2015,10
5/18/2015,8
5/19/2015,11
5/20/2015,13
5/21/2015,6
5/22/2015,10
5/23/2015,7
5/24/2015,12
5/25/2015,6
5/26/2015,10
5/27/2015,6
5/28/2015,10
5/29/2015,10
5/30/2015,10
5/31/2015,4
6/1/2015,9
6/2/2015,11
6/3/2015,16
6/4/2015,3
6/5/2015,11
6/6/2015,12
6/7/2015,11
6/8/2015,3
6/9/2015,8
6/10/2015,3
6/11/2015,12
6/12/2015,17
6/13/2015,5
6/14/2015,13
6/15/2015,4
6/16/2015,8
6/17/2015,10
6/18/2015,12
6/19/2015,15
6/20/2015,13
6/21/2015,6
6/22/2015,9
6/23/2015,8
6/24/2015,9
6/25/2015,10
6/26/2015,15
6/27/2015,7
6/28/2015,12
6/29/2015,5
6/30/2015,3
7/1/2015,6
7/2/2015,4
7/3/2015,7
7/4/2015,8
7/5/2015,5
7/6/2015,12
7/7/2015,6
7/8/2015,3
7/9/2015,8
7/10/2015,11
7/11/2015,5
7/12/2015,5
7/13/2015,2
7/14/2015,10
7/15/2015,10
7/16/2015,7
7/17/2015,5
7/18/2015,5
7/19/2015,7
7/20/2015,8
7/21/2015,9
7/22/2015,3
7/23/2015,3
7/24/2015,6
7/25/2015,9
7/26/2015,8
7/27/2015,3
7/28/2015,8
7/29/2015,5
7/30/2015,3
7/31/2015,10
8/1/2015,9
8/2/2015,5
8/3/2015,6
8/4/2015,12
8/5/2015,5
8/6/2015,4
8/7/2015,8
8/8/2015,9
8/9/2015,5
8/10/2015,10
8/11/2015,5
8/12/2015,8
8/13/2015,8
8/14/2015,8
8/15/2015,10
8/16/2015,10
8/17/2015,8
8/18/2015,8
8/19/2015,10
8/20/2015,7
8/21/2015,5
8/22/2015,8
8/23/2015,9
8/24/2015,10
8/25/2015,10
8/26/2015,12
8/27/2015,4
8/28/2015,6
8/29/2015,0
8/30/2015,5
8/31/2015,5
9/1/2015,10
9/2/2015,3
9/3/2015,0
9/4/2015,7
9/5/2015,7
9/6/2015,3
9/7/2015,8
9/8/2015,5
9/9/2015,10
9/10/2015,6
9/11/2015,5
9/12/2015,0
9/13/2015,7
9/14/2015,5
9/15/2015,2
9/16/2015,0
9/17/2015,6
9/18/2015,2
9/19/2015,6
9/20/2015,8
9/21/2015,5
9/22/2015,2
9/23/2015,5
9/24/2015,8
9/25/2015,0
9/26/2015,0
9/27/2015,7
9/28/2015,12
9/29/2015,6
9/30/2015,7
10/1/2015,10
10/2/2015,12
10/3/2015,8
10/4/2015,6
10/5/2015,5
10/6/2015,3
10/7/2015,5
10/8/2015,6
10/9/2015,10
10/10/2015,7
10/11/2015,0
10/12/2015,3
10/13/2015,2
10/14/2015,0
10/15/2015,6
10/16/2015,5
10/17/2015,10
10/18/2015,0
10/19/2015,9
10/20/2015,10
10/21/2015,3
10/22/2015,13
10/23/2015,8
10/24/2015,10
10/25/2015,0
10/26/2015,8
10/27/2015,8
10/28/2015,10
10/29/2015,9
10/30/2015,10
10/31/2015,10
11/1/2015,11
11/2/2015,14
11/3/2015,12
11/4/2015,12
11/5/2015,11
11/6/2015,4
11/7/2015,8
11/8/2015,10
11/9/2015,10
11/10/2015,12
11/11/2015,7
11/12/2015,10
11/13/2015,12
11/14/2015,15
11/15/2015,9
11/16/2015,11
11/17/2015,0
11/18/2015,5
11/19/2015,12
11/20/2015,10
11/21/2015,13
11/22/2015,0
11/23/2015,5
11/24/2015,0
11/25/2015,0
11/26/2015,10
11/27/2015,12
11/28/2015,11
11/29/2015,10
11/30/2015,9
12/1/2015,8
12/2/2015,9
12/3/2015,10
12/4/2015,18
12/5/2015,10
12/6/2015,14
12/7/2015,8
12/8/2015,19
12/9/2015,15
12/10/2015,13
12/11/2015,18
12/12/2015,19
12/13/2015,14
12/14/2015,13
12/15/2015,10
12/16/2015,17
12/17/2015,11
12/18/2015,10
12/19/2015,12
12/20/2015,9
12/21/2015,6
12/22/2015,6
12/23/2015,0
12/24/2015,12
12/25/2015,9
12/26/2015,18
12/27/2015,11
12/28/2015,17
12/29/2015,10
12/30/2015,15
12/31/2015,16
1/1/2016,10
1/2/2016,14
1/3/2016,13
1/4/2016,11
1/5/2016,12
1/6/2016,13
1/7/2016,9
1/8/2016,0
1/9/2016,0
1/10/2016,2
1/11/2016,0
1/12/2016,10
1/13/2016,7
1/14/2016,11
1/15/2016,6
1/16/2016,7
1/17/2016,10
1/18/2016,14
1/19/2016,14
1/20/2016,11
1/21/2016,17
1/22/2016,15
1/23/2016,13
1/24/2016,16
1/25/2016,10
1/26/2016,11
1/27/2016,5
1/28/2016,8
1/29/2016,15
1/30/2016,11
1/31/2016,10
2/1/2016,3
2/2/2016,7
2/3/2016,6
2/4/2016,7
2/5/2016,12
2/6/2016,8
2/7/2016,8
2/8/2016,11
2/9/2016,10
2/10/2016,12
2/11/2016,10
2/12/2016,11
2/13/2016,10
2/14/2016,10
2/15/2016,10
2/16/2016,13
2/17/2016,10
2/18/2016,8
2/19/2016,8
2/20/2016,14
2/21/2016,5
2/22/2016,5
2/23/2016,5
2/24/2016,7
2/25/2016,14
2/26/2016,11
2/27/2016,5
2/28/2016,15
2/29/2016,11
3/1/2016,9
3/2/2016,12
3/3/2016,12
3/4/2016,12
3/5/2016,6
3/6/2016,15
3/7/2016,10
3/8/2016,7
3/9/2016,0
3/10/2016,8
3/11/2016,10
3/12/2016,13
3/13/2016,12
3/14/2016,13
3/15/2016,10
3/16/2016,10
3/17/2016,6
3/18/2016,11
3/19/2016,16
3/20/2016,12
3/21/2016,6
3/22/2016,5
3/23/2016,6
3/24/2016,10
3/25/2016,7
3/26/2016,2
3/27/2016,15
3/28/2016,12
3/29/2016,6
3/30/2016,8
3/31/2016,8
4/1/2016,18
4/2/2016,14
4/3/2016,12
4/4/2016,10
4/5/2016,15
4/6/2016,11
4/7/2016,10
4/8/2016,17
4/9/2016,3
4/10/2016,5
4/11/2016,5
4/12/2016,6
4/13/2016,10
4/14/2016,14
4/15/2016,8
4/16/2016,10
4/17/2016,12
4/18/2016,10
4/19/2016,0
4/20/2016,4
4/21/2016,0
4/22/2016,10
4/23/2016,10
4/24/2016,4
4/25/2016,10
4/26/2016,10
4/27/2016,3
4/28/2016,10
4/29/2016,12
4/30/2016,5
5/1/2016,9
5/2/2016,13
5/3/2016,16
5/4/2016,12
5/5/2016,8
5/6/2016,13
5/7/2016,10
5/8/2016,8
5/9/2016,15
5/10/2016,12
5/11/2016,10
5/12/2016,8
5/13/2016,12
5/14/2016,16
5/15/2016,7
5/16/2016,15
5/17/2016,20
5/18/2016,6
5/19/2016,7
5/20/2016,9
5/21/2016,10
5/22/2016,2
5/23/2016,6
5/24/2016,8
5/25/2016,10
5/26/2016,10
5/27/2016,6
5/28/2016,8
5/29/2016,6
5/30/2016,8
5/31/2016,6
6/1/2016,10
6/2/2016,14
6/3/2016,5
6/4/2016,10
6/5/2016,8
6/6/2016,5
6/7/2016,15
6/8/2016,8
6/9/2016,12
6/10/2016,4
6/11/2016,6
6/12/2016,5
6/13/2016,6
6/14/2016,11
6/15/2016,6
6/16/2016,6
6/17/2016,10
6/18/2016,6
6/19/2016,15
6/20/2016,6
6/21/2016,0
6/22/2016,7
6/23/2016,10
6/24/2016,5
6/25/2016,10
6/26/2016,11
6/27/2016,9
6/28/2016,8
6/29/2016,12
6/30/2016,14
7/1/2016,12
7/2/2016,10
7/3/2016,10
7/4/2016,9
7/5/2016,5
7/6/2016,10
7/7/2016,7
7/8/2016,9
7/9/2016,11
7/10/2016,9
7/11/2016,5
7/12/2016,4
7/13/2016,6
7/14/2016,7
7/15/2016,10
7/16/2016,5
7/17/2016,10
7/18/2016,10
7/19/2016,5
7/20/2016,9
7/21/2016,0
7/22/2016,6
7/23/2016,8
7/24/2016,10
7/25/2016,8
7/26/2016,8
7/27/2016,5
7/28/2016,12
7/29/2016,10
7/30/2016,5
7/31/2016,7
8/1/2016,10
8/2/2016,5
8/3/2016,10
8/4/2016,12
8/5/2016,7
8/6/2016,6
8/7/2016,8
8/8/2016,12
8/9/2016,9
8/10/2016,0
8/11/2016,5
8/12/2016,5
8/13/2016,10
8/14/2016,8
8/15/2016,12
8/16/2016,5
8/17/2016,10
8/18/2016,0
8/19/2016,6
8/20/2016,3
8/21/2016,9
8/22/2016,6
8/23/2016,10
8/24/2016,10
8/25/2016,6
8/26/2016,4
8/27/2016,9
8/28/2016,4
8/29/2016,3
8/30/2016,5
8/31/2016,12
9/1/2016,6
9/2/2016,6
9/3/2016,15
9/4/2016,10
9/5/2016,7
9/6/2016,8
9/7/2016,10
9/8/2016,5
9/9/2016,5
9/10/2016,10
9/11/2016,2
9/12/2016,0
9/13/2016,2
9/14/2016,5
9/15/2016,0
9/16/2016,0
9/17/2016,12
9/18/2016,10
9/19/2016,0
9/20/2016,5
9/21/2016,6
9/22/2016,9
9/23/2016,4
9/24/2016,4
9/25/2016,3
9/26/2016,12
9/27/2016,2
9/28/2016,5
9/29/2016,0
9/30/2016,0
10/1/2016,0
10/2/2016,8
10/3/2016,11
10/4/2016,8
10/5/2016,6
10/6/2016,10
10/7/2016,8
10/8/2016,8
10/9/2016,0
10/10/2016,0
10/11/2016,5
10/12/2016,6
10/13/2016,7
10/14/2016,0
10/15/2016,10
10/16/2016,12
10/17/2016,5
10/18/2016,6
10/19/2016,2
10/20/2016,0
10/21/2016,7
10/22/2016,3
10/23/2016,0
10/24/2016,8
10/25/2016,0
10/26/2016,6
10/27/2016,9
10/28/2016,11
10/29/2016,3
10/30/2016,0
10/31/2016,2
11/1/2016,7
11/2/2016,0
11/3/2016,0
11/4/2016,0
11/5/2016,3
11/6/2016,0
11/7/2016,0
11/8/2016,3
11/9/2016,0
11/10/2016,10
11/11/2016,7
11/12/2016,12
11/13/2016,6
11/14/2016,8
11/15/2016,8
11/16/2016,10
11/17/2016,10
11/18/2016,10
11/19/2016,4
11/20/2016,8
11/21/2016,4
11/22/2016,0
11/23/2016,5
11/24/2016,4
11/25/2016,9
11/26/2016,12
11/27/2016,18
11/28/2016,12
11/29/2016,9
11/30/2016,12
12/1/2016,8
12/2/2016,9
12/3/2016,10
12/4/2016,0
12/5/2016,0
12/6/2016,8
12/7/2016,8
12/8/2016,10
12/9/2016,10
12/10/2016,9
12/11/2016,7
12/12/2016,8
12/13/2016,7
12/14/2016,10
12/15/2016,5
12/16/2016,7
12/17/2016,8
12/18/2016,10
12/19/2016,6
12/20/2016,5
12/21/2016,0
12/22/2016,5
12/23/2016,0
12/24/2016,6
12/25/2016,0
12/26/2016,5
12/27/2016,0
12/28/2016,5
12/29/2016,7
12/30/2016,9
12/31/2016,6
1/1/2017,6
1/2/2017,8
1/3/2017,11
1/4/2017,9
1/5/2017,10
1/6/2017,8
1/7/2017,10
1/8/2017,14
1/9/2017,15
1/10/2017,14
1/11/2017,12
1/12/2017,11
1/13/2017,11
1/14/2017,9
1/15/2017,7
1/16/2017,9
1/17/2017,7
1/18/2017,3
1/19/2017,8
1/20/2017,7
1/21/2017,10
1/22/2017,10
1/23/2017,5
1/24/2017,9
1/25/2017,16
1/26/2017,9
1/27/2017,16
1/28/2017,13
1/29/2017,14
1/30/2017,12
1/31/2017,10
2/1/2017,10
2/2/2017,8
2/3/2017,13
2/4/2017,10
2/5/2017,11
2/6/2017,9
2/7/2017,8
2/8/2017,14
2/9/2017,10
2/10/2017,1
2/11/2017,6
2/12/2017,6
2/13/2017,5
2/14/2017,14
2/15/2017,10
2/16/2017,8
2/17/2017,4
2/18/2017,0
2/19/2017,5
2/20/2017,7
2/21/2017,9
2/22/2017,2
2/23/2017,8
2/24/2017,8
2/25/2017,8
2/26/2017,6
2/27/2017,11
2/28/2017,10
3/1/2017,0
3/2/2017,5
3/3/2017,5
3/4/2017,10
3/5/2017,8
3/6/2017,7
3/7/2017,8
3/8/2017,8
3/9/2017,6
3/10/2017,12
3/11/2017,10
3/12/2017,6
3/13/2017,9
3/14/2017,10
3/15/2017,9
3/16/2017,5
3/17/2017,3
3/18/2017,7
3/19/2017,11
3/20/2017,8
3/21/2017,7
3/22/2017,10
3/23/2017,10
3/24/2017,8
3/25/2017,5
3/26/2017,7
3/27/2017,8
3/28/2017,6
3/29/2017,11
3/30/2017,12
3/31/2017,7
4/1/2017,20
4/2/2017,8
4/3/2017,6
4/4/2017,10
4/5/2017,10
4/6/2017,2
4/7/2017,9
4/8/2017,6
4/9/2017,10
4/10/2017,13
4/11/2017,5
4/12/2017,12
4/13/2017,10
4/14/2017,7
4/15/2017,5
4/16/2017,5
4/17/2017,15
4/18/2017,12
4/19/2017,12
4/20/2017,13
4/21/2017,10
4/22/2017,11
4/23/2017,12
4/24/2017,16
4/25/2017,8
4/26/2017,0
4/27/2017,14
4/28/2017,8
4/29/2017,8
4/30/2017,6
5/1/2017,11
5/2/2017,10
5/3/2017,6
5/4/2017,12
5/5/2017,12
5/6/2017,9
5/7/2017,10
5/8/2017,11
5/9/2017,12
5/10/2017,14
5/11/2017,8
5/12/2017,12
5/13/2017,20
5/14/2017,13
5/15/2017,15
5/16/2017,18
5/17/2017,12
5/18/2017,11
5/19/2017,8
5/20/2017,8
5/21/2017,15
5/22/2017,6
5/23/2017,10
5/24/2017,12
5/25/2017,10
5/26/2017,15
5/27/2017,10
5/28/2017,18
5/29/2017,11
5/30/2017,14
5/31/2017,9
6/1/2017,6
6/2/2017,12
6/3/2017,9
6/4/2017,10
6/5/2017,10
6/6/2017,10
6/7/2017,11
6/8/2017,11
6/9/2017,15
6/10/2017,8
6/11/2017,11
6/12/2017,6
6/13/2017,7
6/14/2017,9
6/15/2017,12
6/16/2017,10
6/17/2017,7
6/18/2017,12
6/19/2017,12
6/20/2017,10
6/21/2017,10
6/22/2017,5
6/23/2017,7
6/24/2017,16
6/25/2017,15
6/26/2017,10
6/27/2017,8
6/28/2017,7
6/29/2017,11
6/30/2017,7
7/1/2017,13
7/2/2017,4
7/3/2017,10
7/4/2017,12
7/5/2017,11
7/6/2017,6
7/7/2017,7
7/8/2017,9
7/9/2017,5
7/10/2017,7
7/11/2017,12
7/12/2017,7
7/13/2017,5
7/14/2017,10
7/15/2017,0
7/16/2017,11
7/17/2017,7
7/18/2017,8
7/19/2017,10
7/20/2017,10
7/21/2017,2
7/22/2017,2
7/23/2017,9
7/24/2017,12
7/25/2017,5
7/26/2017,8
7/27/2017,7
7/28/2017,10
7/29/2017,9
7/30/2017,6
7/31/2017,5
8/1/2017,8
8/2/2017,0
8/3/2017,4
8/4/2017,10
8/5/2017,9
8/6/2017,7
8/7/2017,8
8/8/2017,2
8/9/2017,8
8/10/2017,11
8/11/2017,6
8/12/2017,10
8/13/2017,2
8/14/2017,9
8/15/2017,11
8/16/2017,5
8/17/2017,9
8/18/2017,3
8/19/2017,12
8/20/2017,9
8/21/2017,14
8/22/2017,0
8/23/2017,2
8/24/2017,9
8/25/2017,2
8/26/2017,8
8/27/2017,7
8/28/2017,7
8/29/2017,0
8/30/2017,3
8/31/2017,11
9/1/2017,10
9/2/2017,7
9/3/2017,8
9/4/2017,9
9/5/2017,5
9/6/2017,0
9/7/2017,9
9/8/2017,8
9/9/2017,2
9/10/2017,8
9/11/2017,5
9/12/2017,12
9/13/2017,0
9/14/2017,5
9/15/2017,9
9/16/2017,7
9/17/2017,10
9/18/2017,7
9/19/2017,14
9/20/2017,5
9/21/2017,8
9/22/2017,0
9/23/2017,0
9/24/2017,6
9/25/2017,5
9/26/2017,8
9/27/2017,6
9/28/2017,6
9/29/2017,3
9/30/2017,6
10/1/2017,5
10/2/2017,6
10/3/2017,8
10/4/2017,3
10/5/2017,5
10/6/2017,6
10/7/2017,10
10/8/2017,6
10/9/2017,6
10/10/2017,8
10/11/2017,3
10/12/2017,5
10/13/2017,9
10/14/2017,7
10/15/2017,7
10/16/2017,5
10/17/2017,6
10/18/2017,0
10/19/2017,2
10/20/2017,12
10/21/2017,10
10/22/2017,10
10/23/2017,12
10/24/2017,11
10/25/2017,12
10/26/2017,8
10/27/2017,12
10/28/2017,10
10/29/2017,15
10/30/2017,15
10/31/2017,10
11/1/2017,15
11/2/2017,14
11/3/2017,15
11/4/2017,11
11/5/2017,16
11/6/2017,12
11/7/2017,13
11/8/2017,10
11/9/2017,10
11/10/2017,12
11/11/2017,7
11/12/2017,11
11/13/2017,8
11/14/2017,8
11/15/2017,11
11/16/2017,2
11/17/2017,5
11/18/2017,6
11/19/2017,13
11/20/2017,10
11/21/2017,17
11/22/2017,11
11/23/2017,14
11/24/2017,7
11/25/2017,10
11/26/2017,3
11/27/2017,6
11/28/2017,6
11/29/2017,4
11/30/2017,6
12/1/2017,3
12/2/2017,7
12/3/2017,7
12/4/2017,4
12/5/2017,8
12/6/2017,10
12/7/2017,10
12/8/2017,10
12/9/2017,9
12/10/2017,4
12/11/2017,0
12/12/2017,10
12/13/2017,11
12/14/2017,10
12/15/2017,9
12/16/2017,12
12/17/2017,12
12/18/2017,14
12/19/2017,15
12/20/2017,11
12/21/2017,9
12/22/2017,12
12/23/2017,18
12/24/2017,18
12/25/2017,15
12/26/2017,15
12/27/2017,15
12/28/2017,19
12/29/2017,18
12/30/2017,15
12/31/2017,10
